iter	MultiClass
0	1.862587139
1	1.405195436
2	0.9096273398
3	0.5782830437
4	0.3889418145
